[
  {
    "id": "d39e875e-10a5-4e07-91e7-dfe92b2892db",
    "data": [
      {
        "text": "que ",
        "userDefined": false
      },
      {
        "text": "productos",
        "meta": "@Ingrediente",
        "alias": "Ingrediente",
        "userDefined": true
      },
      {
        "text": " requiero para preparar ",
        "userDefined": false
      },
      {
        "text": "quinoa",
        "meta": "@plato",
        "alias": "plato",
        "userDefined": false
      }
    ],
    "isTemplate": false,
    "count": 0,
    "lang": "es",
    "updated": 0
  },
  {
    "id": "4da28005-b40f-4d85-b4dd-33fea35deec9",
    "data": [
      {
        "text": "Que ",
        "userDefined": false
      },
      {
        "text": "ingredientes",
        "meta": "@Ingrediente",
        "alias": "Ingrediente",
        "userDefined": true
      },
      {
        "text": " necesito para la ",
        "userDefined": false
      },
      {
        "text": "ensalada de palta",
        "meta": "@plato",
        "alias": "plato",
        "userDefined": false
      }
    ],
    "isTemplate": false,
    "count": 0,
    "lang": "es",
    "updated": 0
  }
]