[
  {
    "id": "13737a3d-0e5a-4c5f-922a-91d3bab8318e",
    "data": [
      {
        "text": "me pasa la receta de ",
        "userDefined": false
      },
      {
        "text": "palta",
        "meta": "@plato",
        "alias": "plato",
        "userDefined": false
      }
    ],
    "isTemplate": false,
    "count": 0,
    "lang": "es",
    "updated": 0
  },
  {
    "id": "2fe86afb-0220-4480-8476-482d60ef1e31",
    "data": [
      {
        "text": "Buenas ",
        "userDefined": false
      },
      {
        "text": "tardes",
        "meta": "@sys.ignore",
        "userDefined": false
      },
      {
        "text": ", podría proporcionarme la receta de ",
        "userDefined": false
      },
      {
        "text": "ensalada de lechuga",
        "meta": "@plato",
        "alias": "plato",
        "userDefined": true
      }
    ],
    "isTemplate": false,
    "count": 0,
    "lang": "es",
    "updated": 0
  },
  {
    "id": "fa10ef6c-6e70-4673-af34-517c06f9efef",
    "data": [
      {
        "text": "Quiero ",
        "userDefined": false
      },
      {
        "text": "una",
        "meta": "@sys.ignore",
        "userDefined": false
      },
      {
        "text": " receta de ",
        "userDefined": false
      },
      {
        "text": "quinoa",
        "meta": "@plato",
        "alias": "plato",
        "userDefined": true
      }
    ],
    "isTemplate": false,
    "count": 0,
    "lang": "es",
    "updated": 0
  }
]